"","ID_Num","VB_ID","FIRE_NAME","FIRE_YEAR","WFU","Veg","NUM_ASSESS","AGENCY","ICS_CODE","PCT_FS","FIRESIZE_HA","BA90_HA","BA90_PCT","BA90_PCT_integer","MaxPatch_HA","MaxPatch_PCT_of_HS","MaxPatch_PCT_of_firesize","q"
"1",1,"1984BADGER","BADGER",1984,"no","Forest",1,"USF","LNF",26,450,79,17.5,17,34,43.3,7.6,0.00920423503473247
"2",405,"1985CAENF00000066","1985CAENF00000066",1985,"no","Forest",1,"USF","ENF",NA,129,43,33.6,33,37,84.6,28.4,0.00747139549046534
"3",5,"1985CAINF00000070","1985CAINF00000070",1985,"no","Forest",1,"USF","INF",89,87,5,5.8,5,1,26.8,1.6,0.0276911588980529
"4",6,"1985CALNF00000031","1985CALNF00000031",1985,"no","Forest",1,"USF","LNF",99,89,42,47,46,42,100,47,0.0108948558908885
"5",7,"1985CALNF00000069","1985CALNF00000069",1985,"no","Forest",1,"USF","LNF",100,217,127,58.4,58,121,95.7,55.9,0.00496931243193866
"6",406,"1985DELTA","DELTA",1985,"no","Forest",1,"USF","SHF",NA,848,401,47.3,47,386,96.1,45.5,0.00185435784993555
"7",10,"1985MAMMOTH","MAMMOTH",1985,"no","Forest",1,"USF","SNF",71,316,29,9.3,9,29,97.6,9.1,0.00842938784173958
"8",13,"1985RICH_BAR","RICH BAR",1985,"no","Forest",1,"USF","SQF",79,3295,1307,39.7,39,507,38.8,15.4,0.00662937752794894
"9",14,"1985RIVER","RIVER",1985,"no","Forest",1,"USF","STF",100,134,8,6.2,6,5,63,3.9,0.0250676675524445
"10",15,"1985TRELOAR_CMPLX","TRELOAR COMPLEX",1985,"no","Forest",1,"USF","SHF",100,1612,243,15.1,15,115,47.5,7.2,0.0085996334266624
"11",16,"1986CAENF00000082","1986CAENF00000082",1986,"no","Forest",1,"USF","ENF",100,239,24,10.1,10,22,91.4,9.2,0.00889738977893074
"12",18,"1986DEER","DEER",1986,"no","Forest",1,"USF","SNF",100,5349,1204,22.5,22,206,17.1,3.9,0.00611190942795152
"13",20,"1987BEAR","BEAR",1987,"no","Forest",1,"USF","SHF",98,2132,147,6.9,6,35,23.6,1.6,0.0118641101860774
"14",21,"1987BEARCAT","BEARCAT",1987,"no","Forest",1,"USF","KNF",95,1157,40,3.4,3,16,41,1.4,0.01596695219577
"15",23,"1987BIG","BIG",1987,"no","Forest",2,"USF","TNF",72,427,37,8.6,8,18,48.4,4.2,0.00922448167301534
"16",24,"1987BLAKE","BLAKE",1987,"no","Forest",1,"USF","SRF",99,1413,345,24.4,24,281,81.5,19.9,0.00413184005400445
"17",25,"1987CEDAR","CEDAR",1987,"no","Forest",1,"USF","MDF",83,283,29,10.3,10,10,33.8,3.5,0.018904558244924
"18",26,"1987CHAWANAKEE","CHAWANAKEE",1987,"no","Forest",1,"USF","SNF",100,713,48,6.7,6,12,25.2,1.7,0.018769696373898
"19",27,"1987CHINA_KNF","CHINA",1987,"no","Forest",2,"USF","KNF",96,1332,112,8.4,8,25,22.7,1.9,0.0118799390008056
"20",28,"1987CHINA_SHF","CHINA",1987,"no","Forest",1,"USF","SHF",100,3696,726,19.6,19,380,52.3,10.3,0.00556141434552405
"21",30,"1987CLAVEY_CMPLX","CLAVEY 87 CMPLX",1987,"no","Forest",1,"USF","STF",98,3537,708,20,20,324,45.7,9.2,0.00616985988901007
"22",31,"1987COLD","COLD",1987,"no","Forest",1,"USF","SHF",98,6678,387,5.8,5,96,24.7,1.4,0.0112507762581717
"23",32,"1987DOE","DOE",1987,"no","Forest",1,"USF","SHF",100,932,256,27.5,27,121,47.2,13,0.00612260519760728
"24",34,"1987EAST","EAST",1987,"no","Forest",1,"USF","SHF",97,4643,932,20.1,20,584,62.7,12.6,0.00208613532706111
"25",35,"1987ELK_LICK","ELK LICK",1987,"no","Forest",1,"USF","KNF",100,448,28,6.3,6,12,42.6,2.7,0.0144359852649516
"26",36,"1987EVER","EVER",1987,"no","Forest",1,"USF","STF",92,215,161,74.8,74,160,99.4,74.4,0.00254196906766541
"27",37,"1987FAY","FAY",1987,"no","Forest",1,"USF","SQF",81,4640,1147,24.7,24,664,57.9,14.3,0.00281403632664553
"28",38,"1987FLUME","FLUME",1987,"no","Forest",1,"USF","SHF",100,5277,813,15.4,15,198,24.3,3.7,0.00640504936585152
"29",39,"1987FORT_COPPER","FORT COPPER",1987,"no","Forest",2,"USF","KNF",95,14703,2842,19.3,19,290,10.2,2,0.00582756584187584
"30",408,"1987FOUTS","FOUTS",1987,"no","Forest",1,"USF","MNF",NA,6965,1752,25.2,25,399,22.8,5.7,0.00536071142909847
"31",40,"1987FRIENDLY","FRIENDLY",1987,"no","Forest",1,"USF","SHF",89,1466,407,27.7,27,297,73.1,20.3,0.00457211887687436
"32",42,"1987GLASGOW","GLASGOW",1987,"no","Forest",2,"USF","KNF",97,6156,1273,20.7,20,480,37.7,7.8,0.0024930763483544
"33",44,"1987GULCH_KNF","GULCH",1987,"no","Forest",2,"USF","KNF",99,4435,181,4.1,4,18,9.8,0.4,0.0159320608523717
"34",45,"1987GULCH_SHF","GULCH",1987,"no","Forest",1,"USF","SHF",90,2652,789,29.8,29,520,65.8,19.6,0.00387449599761072
"35",46,"1987HAMM_CMPLX","HAMM 87 CMPLX",1987,"no","Forest",1,"USF","STF",94,13624,2993,22,21,431,14.4,3.2,0.00491943930383619
"36",47,"1987HASLOE_CMPLX","HASLOE 87 CMPLX",1987,"no","Forest",1,"USF","STF",70,2783,1073,38.5,38,790,73.6,28.4,0.00405407694009318
"37",48,"1987HIGHROCK","HIGHROCK",1987,"no","Forest",1,"USF","MDF",95,455,33,7.3,7,17,51.2,3.8,0.0103839730743477
"38",49,"1987HOTELLING","HOTELLING",1987,"no","Forest",2,"USF","KNF",100,7453,696,9.3,9,268,38.5,3.6,0.00780612280044944
"39",50,"1987INDIAN","INDIAN",1987,"no","Forest",1,"USF","TNF",100,3791,1523,40.2,40,939,61.7,24.8,0.00208642129362071
"40",51,"1987JARREL","JARREL",1987,"no","Forest",1,"USF","STF",23,742,25,3.3,3,13,52,1.7,0.0149624928119349
"41",409,"1987JESSIE","JESSIE",1987,"no","Forest",1,"USF","SHF",NA,1385,148,10.7,10,37,25.3,2.7,0.0117015515902741
"42",52,"1987KELSEY","KELSEY",1987,"no","Forest",2,"USF","KNF",96,1753,96,5.5,5,46,47.3,2.6,0.00924270677042257
"43",53,"1987KING_TITUS","KING TITUS",1987,"no","Forest",2,"USF","KNF",99,28891,2092,7.2,7,132,6.3,0.5,0.0101770669558678
"44",54,"1987LAKE","LAKE",1987,"no","Forest",2,"USF","KNF",100,7655,247,3.2,3,41,16.6,0.5,0.0131608523916823
"45",55,"1987LARSON_CMPLX","LARSON 87 CMPLX",1987,"no","Forest",1,"USF","STF",93,19551,3752,19.2,19,754,20.1,3.9,0.00468796356409194
"46",56,"1987LAUREL","LAUREL",1987,"no","Forest",1,"USF","INF",85,469,112,23.9,23,51,45.2,10.8,0.0105148315692118
"47",57,"1987LAZYMAN","LAZYMAN",1987,"no","Forest",1,"USF","SHF",100,606,20,3.3,3,8,39.7,1.3,0.0199251883750033
"48",58,"1987LOST","LOST",1987,"no","Forest",1,"USF","LNF",96,9672,4685,48.4,48,1674,35.7,17.3,0.00164237596867033
"49",60,"1987MAMMOTH","MAMMOTH",1987,"no","Forest",1,"USF","INF",100,183,36,19.8,19,36,98.5,19.5,0.00730380369389973
"50",61,"1987NIELON","NIELON",1987,"no","Forest",2,"USF","KNF",100,649,199,30.6,30,186,93.6,28.6,0.00290618697399389
"51",412,"1987PALMER","PALMER",1987,"no","Forest",1,"USF","TNF",NA,862,187,21.7,21,105,56.3,12.2,0.00668563532592155
"52",62,"1987PAPER_CMPLX","PAPER 87 CMPLX",1987,"no","Forest",1,"USF","STF",72,15232,4120,27.1,27,1775,43.1,11.7,0.00294865504851201
"53",63,"1987PEANUT","PEANUT",1987,"no","Forest",1,"USF","SHF",85,2608,599,23,22,208,34.8,8,0.00667322038651171
"54",65,"1987QUAKING","QUAKING",1987,"no","Forest",1,"USF","MDF",97,1787,464,25.9,25,201,43.4,11.3,0.00721039127532091
"55",66,"1987RIPSTEIN","RIPSTEIN",1987,"no","Forest",1,"USF","SHF",100,1378,459,33.3,33,189,41.2,13.8,0.00509196041675799
"56",67,"1987RIVER","RIVER II",1987,"no","Forest",1,"USF","STF",94,285,7,2.6,2,6,86.6,2.2,0.0217858641340565
"57",68,"1987SAINT_CLAIRE","SAINT CLAIRE",1987,"no","Forest",2,"USF","KNF",100,3497,114,3.2,3,17,14.9,0.5,0.0207386645408269
"58",69,"1987SLATER","SLATER",1987,"no","Forest",2,"USF","KNF",97,2577,328,12.7,12,99,30.1,3.8,0.00980671112858863
"59",71,"1987STRAUSE","STRAUSE",1987,"no","Forest",1,"USF","SHF",100,2646,783,29.6,29,193,24.6,7.3,0.00547946262370704
"60",72,"1987TEN_BALD","TEN BALD",1987,"no","Forest",2,"USF","KNF",100,7946,969,12.2,12,86,8.9,1.1,0.00941060015002436
"61",73,"1987THOMPSON","THOMPSON",1987,"no","Forest",2,"USF","KNF",100,2039,88,4.3,4,13,14.5,0.6,0.0163716444408818
"62",74,"1987TRAVIS","TRAVIS",1987,"no","Forest",1,"USF","SRF",93,4781,725,15.2,15,234,32.2,4.9,0.00561088474590567
"63",75,"1987TRINITY","TRINITY",1987,"no","Forest",1,"USF","SHF",100,570,20,3.4,3,6,28.6,1,0.017216179521777
"64",76,"1987USF05141987000282"," ",1987,"no","Forest",1,"USF","SHF",100,420,24,5.7,5,12,50.2,2.9,0.0126951615943668
"65",77,"1987WALLOW","WALLOW",1987,"no","Forest",1,"USF","SHF",96,1395,21,1.5,1,13,61,0.9,0.0138344735991456
"66",78,"1987YELLOW2","YELLOW #2",1987,"no","Forest",1,"USF","KNF",100,21741,2305,10.6,10,451,19.6,2.1,0.00470575595259311
"67",81,"1988CALNF00000155","1988CALNF00000155",1988,"no","Forest",1,"USF","LNF",85,375,235,62.5,62,226,96.4,60.2,0.0021516586312401
"68",82,"1988CLEARINGHOUSE","CLEARHOUSE",1988,"no","Forest",1,"USF","STF",94,1021,36,3.5,3,10,27.9,1,0.0169593784829452
"69",86,"1988GARNET","GARNET",1988,"no","Forest",1,"USF","SNF",100,924,33,3.5,3,13,40.1,1.4,0.0155248307178002
"70",87,"1988HERMIT","HERMIT",1988,"no","Forest",1,"USF","SHF",98,3391,1158,34.1,34,356,30.8,10.5,0.00365459601168164
"71",413,"1988LETTS","LETTS",1988,"no","Forest",1,"USF","MNF",NA,1340,193,14.4,14,72,37.2,5.4,0.00865927549583648
"72",88,"1988OBELISK","OBELISK",1988,"no","Forest",1,"USF","SNF",100,3045,289,9.5,9,36,12.3,1.2,0.0131734348636591
"73",91,"1988USF05131988000061"," ",1988,"no","Forest",1,"USF","SQF",97,286,67,23.5,23,33,49.3,11.6,0.00864328361164306
"74",97,"1989BALCH","BALCH",1989,"no","Forest",1,"USF","SNF",100,3584,574,16,16,161,28.1,4.5,0.00871150795426734
"75",98,"1989LAYMAN","LAYMAN",1989,"no","Forest",1,"USF","PNF",91,2012,580,28.8,28,212,36.5,10.5,0.00527200653238726
"76",415,"1989POWERHOUSE","POWDERHOUSE",1989,"no","Forest",1,"USF","SNF",NA,4863,480,9.9,9,99,20.5,2,0.00887807523500612
"77",99,"1989RACK","RACK",1989,"no","Forest",1,"USF","PNF",100,1400,552,39.4,39,189,34.3,13.5,0.00534420018178785
"78",102,"1990BUTTES","BUTTES",1990,"no","Forest",1,"USF","TNF",68,122,44,36.3,36,41,92.5,33.6,0.00638192316917178
"79",103,"1990CALNF00000109","1990CALNF00000109",1990,"no","Forest",1,"USF","LNF",100,136,71,51.9,51,71,100,51.9,0.00549599479148872
"80",106,"1990GREENHORN","GREENHORN",1990,"no","Forest",1,"USF","PNF",79,165,45,27.3,27,22,49.3,13.5,0.00908970790957527
"81",107,"1990KIRCH","KIRCH",1990,"no","Forest",1,"USF","SNF",95,1507,165,11,10,66,40,4.4,0.0106769025380116
"82",416,"1990RECER","RECER",1990,"no","Forest",1,"USF","MNF",NA,1389,207,14.9,14,74,35.5,5.3,0.0083069093269736
"83",111,"1990SAVAGE","SAVAGE",1990,"no","Forest",1,"USF","SNF",94,786,224,28.5,28,106,47.4,13.5,0.00692247108756059
"84",113,"1990STORMY","STORMY",1990,"no","Forest",1,"USF","SQF",98,9493,6114,64.4,64,5218,85.3,55,0.000745561047712956
"85",115,"1990WALKER","WALKER",1990,"no","Forest",1,"USF","PNF",100,472,134,28.4,28,93,69.7,19.8,0.00623445372179553
"86",417,"1991BEAR","BEAR",1991,"no","Forest",1,"USF","MNF",NA,339,15,4.5,4,13,84.7,3.8,0.0155722751918322
"87",118,"1991ROCK","ROCK",1991,"no","Forest",1,"USF","SHF",94,451,240,53.2,53,231,96.3,51.2,0.00370085503880493
"88",120,"1992CALLBOX","CALLBOX",1992,"no","Forest",1,"USF","SQF",100,648,253,39,39,93,36.6,14.3,0.0092247049383178
"89",418,"1992CLEVELAND","CLEVELAND",1992,"no","Forest",1,"USF","ENF",NA,9258,5252,56.7,56,2307,43.9,24.9,0.000967463384018037
"90",123,"1992ITALIAN","ITALIAN",1992,"no","Forest",1,"USF","SNF",74,888,11,1.2,1,4,33.3,0.4,0.0312827358947
"91",125,"1992RAINBOW","RAINBOW",1992,"no","Forest",1,"USF","INF",92,3422,828,24.2,24,287,34.7,8.4,0.00504891358687863
"92",127,"1992RUBY","RUBY",1992,"no","Forest",1,"USF","STF",77,1718,1209,70.4,70,1168,96.6,68,0.00118553882639211
"93",131,"1994BEAR","BEAR",1994,"no","Forest",1,"USF","KNF",100,834,197,23.6,23,161,81.9,19.4,0.00304046529889787
"94",132,"1994BIG_CREEK","BIG CREEK",1994,"no","Forest",1,"USF","SNF",100,2383,546,22.9,22,187,34.2,7.8,0.00612950908995627
"95",133,"1994COTTONWOOD","COTTONWOOD",1994,"no","Forest",1,"USF","TNF",74,19621,8780,44.7,44,4805,54.7,24.5,0.00148834659967394
"96",136,"1994HIRSCHDALE","HIRSCHDALE",1994,"no","Forest",1,"USF","TNF",79,445,99,22.2,22,41,41.7,9.2,0.0101273309831955
"97",138,"1994JACK1","JACK #1",1994,"no","Forest",1,"USF","KNF",100,11305,1252,11.1,11,154,12.3,1.4,0.00837002230021863
"98",139,"1994LUCAS4","LUCAS #4",1994,"no","Forest",1,"USF","SQF",79,2808,820,29.2,29,270,33,9.6,0.00750805462019529
"99",141,"1994SPECIMEN","SPECIMEN",1994,"no","Forest",1,"USF","KNF",100,3432,997,29,29,446,44.7,13,0.00325279640687803
"100",420,"1994SUGARFOOT","SUGARFOOT",1994,"no","Forest",1,"USF","MNF",NA,1106,162,14.7,14,46,28.7,4.2,0.0092438752339817
"101",143,"1995HELESTER","HELESTER",1995,"no","Forest",1,"USF","TNF",100,258,55,21.5,21,55,98.7,21.2,0.00564040220856302
"102",144,"1995PONY","PONY",1995,"no","Forest",1,"USF","KNF",100,852,179,21,21,146,81.4,17.1,0.00349413934372642
"103",148,"1996BOREL","BOREL",1996,"no","Forest",1,"USF","SQF",100,1099,130,11.8,11,71,54.7,6.5,0.00879437041852958
"104",422,"1996FORK","FORK",1996,"no","Forest",1,"USF","MNF",NA,33673,12366,36.7,36,2848,23,8.5,0.00241072435422186
"105",424,"1996MADDALENA","MADDALENA",1996,"no","Forest",1,"USF","PNF",NA,1819,408,22.4,22,83,20.4,4.6,0.0118880760503479
"106",156,"1996ROCK","ROCK",1996,"no","Forest",1,"USF","SHF",100,1042,23,2.2,2,12,51.7,1.2,0.015067293191904
"107",157,"1996ROGGE","ROGGE",1996,"no","Forest",1,"USF","STF",93,8561,470,5.5,5,147,31.2,1.7,0.0092772815890584
"108",160,"1997CHOKE","CHOKE",1997,"no","Forest",1,"USF","SQF",100,1592,517,32.5,32,372,71.9,23.4,0.00311212573994752
"109",163,"1997JACKS","JACKS",1997,"no","Forest",1,"USF","SQF",99,2320,1501,64.7,64,1482,98.7,63.9,0.00127298399014187
"110",425,"1997MAYBERT","MAYBERT",1997,"no","Forest",1,"USF","TNF",NA,206,50,24.4,24,49,97.8,23.9,0.00488323095955022
"111",165,"1998ROUGH","ROUGH",1998,"no","Forest",1,"USF","SNF",100,379,8,2,2,2,21.2,0.4,0.0357298029875514
"112",167,"1999BELL_WEST","BELL WEST",1999,"no","Forest",1,"USF","MDF",80,941,84,9,8,46,54.3,4.9,0.00751477785548792
"113",426,"1999BOHEMOTASH","BOHEMOTASH",1999,"no","Forest",1,"USF","SHF",NA,2309,195,8.4,8,37,19,1.6,0.0129658405530072
"114",168,"1999BUCKS","BUCKS",1999,"no","Forest",1,"USF","PNF",81,13893,1377,9.9,9,107,7.7,0.8,0.00979290405850768
"115",427,"1999CINDER","CINDER",1999,"no","Forest",1,"USF","LNF",NA,298,107,35.9,35,106,98.8,35.5,0.00509616775809373
"116",169,"1999DEER","DEER",1999,"yes","Forest",1,"USF","STF",100,140,4,2.9,2,2,54.3,1.6,0.0289663208057836
"117",170,"1999DEVILSGAP","DEVILS GAP",1999,"no","Forest",1,"USF","PNF",98,606,177,29.3,29,147,83,24.3,0.0049846395121571
"118",172,"1999EAST","EAST",1999,"no","Forest",1,"USF","KNF",100,475,122,25.8,25,76,62.1,16,0.00831817064397618
"119",429,"1999HIGH","HIGH",1999,"no","Forest",1,"USF","SHF",NA,1332,105,7.9,7,30,28.8,2.3,0.012768247631165
"120",173,"1999HIRAM","HIRAM",1999,"yes","Forest",1,"USF","STF",100,1118,110,9.8,9,45,40.6,4,0.0111784319364303
"121",174,"1999HORTON2","HORTON 2",1999,"no","Forest",1,"USF","PNF",98,1643,365,22.2,22,90,24.8,5.5,0.00960056374097439
"122",175,"1999JACKASS","JACKASS",1999,"no","Forest",1,"USF","SHF",91,2217,50,2.3,2,10,20.1,0.5,0.019688856950296
"123",177,"1999LOOKOUT","LOOKOUT",1999,"no","Forest",1,"USF","PNF",92,1062,124,11.6,11,65,52.2,6.1,0.00783156792602776
"124",180,"1999LUNCH","LUNCH",1999,"no","Forest",1,"USF","SHF",89,825,34,4.1,4,17,50.4,2.1,0.0141632895853842
"125",181,"1999MEGRAM","MEGRAM",1999,"no","Forest",1,"USF","SHF",98,50779,7042,13.9,13,618,8.8,1.2,0.00462790270253936
"126",182,"1999ONION","ONION",1999,"no","Forest",1,"USF","SHF",99,6775,237,3.5,3,85,35.9,1.3,0.0101838584240769
"127",183,"1999PIDGEN","PIDGEON",1999,"no","Forest",1,"USF","PNF",96,1916,169,8.8,8,31,18.4,1.6,0.0115510612230206
"128",184,"1999PILOT","PILOT",1999,"no","Forest",1,"USF","STF",96,1647,734,44.5,44,348,47.5,21.1,0.00417536986641078
"129",186,"1999REPTILE","REPTILE",1999,"no","Forest",1,"USF","SHF",95,735,134,18.2,18,24,17.7,3.2,0.0113094075126406
"130",187,"1999RICHBAR_CMPLX","RICHBAR COMPLEX",1999,"no","Forest",1,"USF","SQF",77,1027,386,37.6,37,238,61.6,23.2,0.00463874949224456
"131",430,"1999SHEEP1","SHEEP #1",1999,"no","Forest",1,"USF","SHF",NA,5019,500,10,9,145,29,2.9,0.00585027348876035
"132",188,"1999SHEEP2","SHEEP #2",1999,"no","Forest",1,"USF","SHF",78,1059,111,10.5,10,54,48.1,5.1,0.00933358921358154
"133",189,"1999STAG","STAG",1999,"no","Forest",1,"USF","PNF",100,190,6,3.2,3,5,80.9,2.6,0.0269172129781894
"134",190,"1999SUGAR","SUGAR",1999,"no","Forest",1,"USF","SHF",80,2065,120,5.8,5,22,18.4,1.1,0.0184566828406923
"135",191,"2000ARNOT","ARNOT",2000,"yes","Forest",1,"USF","STF",100,252,6,2.2,2,2,39.7,0.9,0.025048072105474
"136",431,"2000BARK","BARK",2000,"no","Forest",1,"USF","KNF",NA,764,241,31.5,31,111,46,14.5,0.00586671917561971
"137",432,"2000CABBAGE","CABBAGE",2000,"no","Forest",1,"USF","MNF",NA,587,19,3.3,3,3,17.2,0.6,0.0292252881244338
"138",193,"2000JOURNEY","JOURNEY",2000,"no","Forest",1,"USF","SRF",78,418,106,25.4,25,46,43.2,11,0.00883384379532808
"139",194,"2000MANTER","MANTER",2000,"no","Forest",1,"USF","SQF",70,32061,13978,43.6,43,8011,57.3,25,0.00100988250056903
"140",195,"2000SAWMILL","SAWMILL",2000,"no","Forest",1,"USF","INF",100,133,15,11.1,11,6,43,4.8,0.0232892956164942
"141",196,"2000STORRIE","STORRIE",2000,"no","Forest",1,"USF","PNF",92,22806,6273,27.5,27,1869,29.8,8.2,0.00225534654368639
"142",433,"2000TOWN","TOWN",2000,"no","Forest",1,"USF","MNF",NA,459,125,27.3,27,104,83.4,22.8,0.00604310108957414
"143",197,"2001BELL","BELL",2001,"no","Forest",1,"USF","MDF",100,1236,409,33.1,33,222,54.2,17.9,0.00481576476432993
"144",198,"2001BLUE","BLUE",2001,"no","Forest",2,"USF","MDF",95,13926,4086,29.3,29,1535,37.6,11,0.00365307977636173
"145",199,"2001BRICEBURG","BRICEBURG",2001,"no","Forest",1,"USF","SNF",74,300,44,14.8,14,28,63.6,9.4,0.0112930114580897
"146",434,"2001GAP","GAP",2001,"no","Forest",1,"USF","TNF",NA,1013,663,65.5,65,663,99.9,65.4,0.00176703516435763
"147",202,"2001HIGHWAY","HIGHWAY",2001,"no","Forest",1,"USF","SQF",81,1691,169,10,10,32,19,1.9,0.0146963296961607
"148",204,"2001HYAMPOM","HYAMPOM",2001,"no","Forest",1,"USF","SHF",97,481,135,28.1,28,79,58.9,16.5,0.00585413831612487
"149",205,"2001JONES","JONES",2001,"no","Forest",1,"USF","KNF",93,637,77,12.1,12,18,23.3,2.8,0.0130368796359334
"150",208,"2001MUSIC","MUSIC",2001,"no","Forest",1,"USF","SNF",95,93,3,3.7,3,1,34.2,1.3,0.0395737793616802
"151",209,"2001NORTH_FORK","NORTH FORK",2001,"no","Forest",1,"USF","SNF",94,1697,471,27.8,27,141,29.9,8.3,0.00488998606076382
"152",210,"2001ROCK","ROCK",2001,"no","Forest",1,"USF","MDF",100,711,73,10.3,10,15,20.3,2.1,0.0197216294658628
"153",211,"2001ROCK_CREEK","ROCK CREEK",2001,"no","Forest",1,"USF","TNF",100,231,50,21.8,21,44,87.8,19.1,0.00639067810566527
"154",212,"2001STAR","STAR",2001,"no","Forest",2,"USF","ENF",72,6842,2424,35.4,35,1055,43.5,15.4,0.0021391449653209
"155",213,"2001STREAM","STREAM",2001,"no","Forest",2,"USF","PNF",100,1469,797,54.2,54,627,78.7,42.7,0.00218404200050918
"156",214,"2001SWILLUP2","SWILLUP II",2001,"no","Forest",1,"USF","KNF",99,3327,328,9.9,9,86,26.1,2.6,0.00892402822590925
"157",215,"2001TREASURE","TREASURE",2001,"no","Forest",1,"USF","TNF",88,152,38,24.9,24,34,88.8,22.1,0.00632877478994466
"158",435,"2001TROUGH","TROUGH",2001,"no","Forest",1,"USF","MNF",NA,10242,3188,31.1,31,773,24.2,7.5,0.00316289237749096
"159",216,"2001WHITE","WHITE",2001,"no","Forest",1,"USF","STF",100,101,26,25.3,25,26,100,25.3,0.0101547375493176
"160",217,"2001WHITE_SQF","WHITE",2001,"no","Forest",1,"USF","SQF",100,138,6,4.4,4,4,67.6,3,0.0219077349211208
"161",219,"2002CONE","CONE",2002,"no","Forest",2,"USF","LNF",83,824,338,41,40,308,91.1,37.3,0.00335763423970362
"162",220,"2002FORKS","FORKS",2002,"no","Forest",1,"USF","KNF",99,580,152,26.2,26,100,66.2,17.3,0.00777581879829429
"163",222,"2002MCNALLY","MCNALLY",2002,"no","Forest",2,"USF","SQF",99,61516,16836,27.4,27,2577,15.3,4.2,0.0025658180129192
"164",224,"2002PIUTE","PIUTE",2002,"no","Forest",1,"USF","INF",100,158,44,27.5,27,12,28.5,7.8,0.0165477606257146
"165",436,"2002PLUM","PLUM",2002,"no","Forest",1,"USF","ENF",NA,745,40,5.4,5,7,16.4,0.9,0.0216626166367058
"166",225,"2002SAINTPAULI","SAINT PAULI",2002,"no","Forest",1,"USF","ENF",94,133,17,13.2,13,17,97.4,12.8,0.00837594221668513
"167",226,"2002SHOWERS","SHOWERS",2002,"no","Forest",2,"USF","TMU",100,117,31,26.4,26,14,46.8,12.3,0.0117886587297057
"168",227,"2002STANZA","STANZA",2002,"no","Forest",1,"USF","KNF",100,1171,220,18.8,18,57,26,4.9,0.00861772377854026
"169",228,"2003ALBANITA","ALBANITA",2003,"yes","Forest",1,"USF","SQF",100,928,97,10.5,10,24,25,2.6,0.0142707748187704
"170",229,"2003COD_FISH","COD FISH",2003,"no","Forest",1,"USF","TNF",100,341,14,4.3,4,7,49.7,2.1,0.0154600423639181
"171",230,"2003COONEY","COONEY",2003,"yes","Forest",1,"USF","SQF",100,818,164,20.1,20,47,28.3,5.7,0.0089484161290641
"172",439,"2003DEAFY","DEAFY",2003,"no","Forest",1,"USF","MNF",NA,1964,826,42.1,42,402,48.7,20.5,0.00461474614860273
"173",231,"2003DEXTER","DEXTER",2003,"yes","Forest",1,"USF","INF",100,995,74,7.4,7,26,35.9,2.7,0.013228134693053
"174",440,"2003HAPPY_CAMP","HAPPY CAMP",2003,"no","Forest",1,"USF","MNF",NA,622,13,2,2,5,37.4,0.8,0.024476163734781
"175",232,"2003HOOKER","HOOKER",2003,"yes","Forest",1,"USF","SQF",100,969,48,5,4,18,38.2,1.9,0.014450464661126
"176",234,"2003LOMA","LOMA",2003,"no","Forest",1,"USF","SHF",100,1516,125,8.3,8,59,47.3,3.9,0.00766541942918692
"177",235,"2003MOUNTAIN","MOUNTAIN CMPLX",2003,"yes","Forest",1,"USF","STF",100,1708,153,9,8,36,23.5,2.1,0.0152338721600759
"178",236,"2003MUD","MUD",2003,"yes","Forest",1,"USF","STF",100,1761,481,27.3,27,101,21.1,5.8,0.00791142934886726
"179",237,"2003SNAKE_CARGYLE2","SNAKE/CARGYLE2",2003,"no","Forest",1,"USF","SNF",100,336,15,4.5,4,10,68.6,3.1,0.0126706833493515
"180",441,"2003SPANISH","SPANISH",2003,"no","Forest",1,"USF","MNF",NA,2487,877,35.3,35,528,60.3,21.2,0.00223095033409357
"181",238,"2003SUMMIT","SUMMIT",2003,"yes","Forest",1,"USF","INF",100,2420,344,14.2,14,63,18.2,2.6,0.00934782365006194
"182",242,"2003WHIT","WHIT",2003,"yes","Forest",1,"USF","STF",100,423,35,8.2,8,11,31.2,2.6,0.0190399500221793
"183",245,"2004COTTONWOOD","COTTONWOOD",2004,"no","Forest",1,"USF","PNF",100,258,21,8,7,16,77.7,6.2,0.0101580738753793
"184",246,"2004CRAG","CRAG",2004,"no","Forest",1,"USF","SQF",100,352,94,26.7,26,47,49.7,13.3,0.00722677473391822
"185",248,"2004EARLY","EARLY",2004,"no","Forest",1,"USF","STF",100,700,161,23,22,93,58,13.3,0.00739574445056107
"186",249,"2004EDDY54","EDDY 54",2004,"no","Forest",1,"USF","KNF",100,377,4,1.2,1,2,42,0.5,0.0307803813041051
"187",443,"2004FREDS","FREDS",2004,"no","Forest",1,"USF","ENF",NA,3148,1602,50.9,50,1280,79.9,40.6,0.00166434833869136
"188",253,"2004NEHOUSE","NEHOUSE",2004,"no","Forest",1,"USF","SNF",100,105,18,17.6,17,9,50,8.8,0.0127758107171587
"189",254,"2004POWER","POWER",2004,"no","Forest",1,"USF","ENF",80,6857,2573,37.5,37,1701,66.1,24.8,0.00281605746950184
"190",255,"2004SIMS","SIMS",2004,"no","Forest",2,"USF","SRF",80,1633,794,48.6,48,754,95,46.2,0.00146861588060595
"191",256,"2004SOURCE","SOURCE",2004,"no","Forest",1,"USF","SNF",100,158,16,10.1,10,16,98.9,10,0.00898402329199209
"192",258,"2004TUOLUMNE","TUOLUMNE",2004,"no","Forest",1,"USF","STF",93,293,139,47.2,47,130,93.9,44.3,0.00388320194386385
"193",260,"2005CRAG","CRAG",2005,"yes","Forest",1,"USF","SQF",100,584,19,3.3,3,9,44,1.5,0.0191073813688705
"194",444,"2005DEER","DEER",2005,"no","Forest",1,"USF","MNF",NA,720,380,52.7,52,371,97.8,51.6,0.00260942490928952
"195",261,"2005HOGBACK","HOGBACK",2005,"no","Forest",1,"USF","INF",100,270,19,7.1,7,15,76.9,5.4,0.00876869211733813
"196",264,"2005WOOLEY","WOOLEY",2005,"no","Forest",1,"USF","KNF",100,1352,88,6.5,6,15,16.8,1.1,0.0159166795724042
"197",265,"2006BAKEOVEN_PIGEON","BAKE OVEN & PIGEON",2006,"no","Forest",2,"USF","SHF",100,41153,7475,18.2,18,887,11.9,2.2,0.00441873167940037
"198",266,"2006BASSETTS","BASSETTS",2006,"no","Forest",2,"USF","TNF",94,1054,274,26,25,136,49.6,12.9,0.00546850926542026
"199",267,"2006BOULDER_CMPLX","BOULDER CMPLX",2006,"no","Forest",2,"USF","PNF",100,1416,507,35.8,35,335,66.1,23.7,0.00301632782129668
"200",269,"2006BRODER_BECK","BRODER BECK WFU",2006,"yes","Forest",1,"USF","SQF",100,1413,136,9.7,9,33,24.4,2.4,0.0151565819143144
"201",271,"2006GREASE","GREASE",2006,"no","Forest",1,"USF","PNF",100,150,15,10.2,10,6,39.1,4,0.019888229788323
"202",272,"2006HANCOCK","HANCOCK",2006,"no","Forest",2,"USF","KNF",100,8837,533,6,6,52,9.7,0.6,0.0129125049145604
"203",273,"2006HIGH","HIGH",2006,"no","Forest",1,"USF","MDF",95,425,52,12.2,12,15,28.2,3.4,0.0200641131782308
"204",445,"2006HUNTER","HUNTER",2006,"no","Forest",2,"USF","MNF",NA,6592,775,11.7,11,198,25.6,3,0.00676948244516
"205",274,"2006LAKIN","LAKIN",2006,"no","Forest",1,"USF","SHF",100,200,114,57.1,57,100,87.5,50,0.0032467000800204
"206",275,"2006LAVA","LAVA",2006,"no","Forest",1,"USF","MDF",100,85,5,5.7,5,4,90.7,5.2,0.0214249623844385
"207",277,"2006PANTHER","PANTHER",2006,"no","Forest",2,"USF","SRF",84,366,8,2.2,2,2,25,0.5,0.0310304474223606
"208",278,"2006RALSTON","RALSTON",2006,"no","Forest",2,"USF","TNF",73,3524,85,2.4,2,18,21.3,0.5,0.0188990922128485
"209",279,"2006RUSH","RUSH",2006,"no","Forest",2,"USF","KNF",100,1972,171,8.7,8,62,36.3,3.2,0.00884399757633129
"210",280,"2006SAWMILL","SAWMILL",2006,"no","Forest",1,"USF","INF",80,3017,1907,63.2,63,1727,90.6,57.3,0.00120488314631394
"211",281,"2006SMITH","SMITH",2006,"no","Forest",1,"USF","SQF",100,94,40,42.5,42,27,66.9,28.5,0.00707155652125491
"212",282,"2006SOMES","SOMES",2006,"no","Forest",2,"USF","SRF",100,6275,239,3.8,3,77,32.2,1.2,0.00719641885997398
"213",283,"2006TAMARACK","TAMARACK WFU",2006,"yes","Forest",1,"USF","SQF",100,1891,133,7,7,26,19.4,1.4,0.0165303286098995
"214",284,"2006TITUS","TITUS",2006,"no","Forest",2,"USF","KNF",100,2499,402,16.1,16,76,18.9,3,0.00847816251172939
"215",285,"2006UNCLES","UNCLES",2006,"no","Forest",2,"USF","KNF",100,1571,375,23.9,23,236,62.9,15,0.00496439073608644
"216",286,"2007ANGORA","ANGORA",2007,"no","Forest",2,"USF","TMU",89,1264,613,48.5,48,472,76.9,37.3,0.00290755473683789
"217",287,"2007ANTELOPE_CMPLX","ANTELOPE CMPLX",2007,"no","Forest",2,"USF","PNF",98,9369,4860,51.9,51,3683,75.8,39.3,0.0014648828622415
"218",290,"2007CHINA","CHINA",2007,"no","Forest",2,"USF","KNF",93,1198,218,18.2,18,80,36.6,6.6,0.00803488599106111
"219",291,"2007COLBY","COLBY",2007,"no","Forest",1,"USF","LNF",100,118,19,15.8,15,13,72,11.3,0.016420801199899
"220",292,"2007ELK","ELK",2007,"no","Forest",2,"USF","KNF",100,466,65,13.9,13,24,36.4,5.1,0.0116508154015153
"221",293,"2007ELK_CMPLX","ELK CMPLX",2007,"no","Forest",2,"USF","KNF",99,5532,784,14.2,14,196,25,3.5,0.0101350420169062
"222",448,"2007FLETCHER","FLETCHER",2007,"no","Forest",2,"USF","MDF",NA,3298,2474,75,75,1490,60.2,45.2,0.00131193216481327
"223",294,"2007GOLDLEDGE","GOLDLEDGE",2007,"no","Forest",2,"USF","SQF",100,1781,966,54.3,54,866,89.6,48.6,0.00172511725758435
"224",295,"2007GROUSE","GROUSE",2007,"no","Forest",1,"USF","SQF",100,449,159,35.5,35,82,51.4,18.3,0.00634830514718685
"225",297,"2007LITTLEGRIDER","LITTLE GRIDER",2007,"no","Forest",2,"USF","KNF",99,891,47,5.2,5,6,11.9,0.6,0.022972633173573
"226",298,"2007MOONLIGHT","MOONLIGHT",2007,"no","Forest",2,"USF","PNF",71,26390,14706,55.7,55,5136,34.9,19.5,0.00101690102776922
"227",299,"2007OHAREL","OHAREL",2007,"yes","Forest",1,"USF","INF",100,264,5,1.9,1,3,51.8,1,0.0224207015748688
"228",301,"2007VISTA","VISTA",2007,"no","Forest",2,"USF","SQF",100,170,47,27.8,27,36,77,21.4,0.0118839327997979
"229",302,"2008ANTHONYMILNE","ANTHONY MILNE",2008,"no","Forest",2,"USF","KNF",100,777,59,7.7,7,33,55.2,4.2,0.00980284663942604
"230",450,"2008BACK","BACK",2008,"no","Forest",2,"USF","MNF",NA,636,41,6.4,6,7,18.2,1.2,0.019189092746916
"231",303,"2008BONANZA","BONANZA",2008,"no","Forest",2,"USF","SRF",100,555,6,1,1,3,55.6,0.6,0.026431465252227
"232",304,"2008BUCKHORN","BUCKHORN",2008,"no","Forest",2,"USF","SHF",99,12343,2093,17,16,309,14.7,2.5,0.00517289461216826
"233",305,"2008CAREY","CAREY",2008,"no","Forest",2,"USF","SHF",100,1527,220,14.4,14,53,24.2,3.5,0.00971113791075522
"234",306,"2008CARIBOU","CARIBOU",2008,"no","Forest",2,"USF","KNF",100,5319,1084,20.4,20,133,12.3,2.5,0.00689570687738777
"235",307,"2008CASCADEL","CASCADEL",2008,"no","Forest",1,"USF","SNF",100,112,30,27,27,30,97.3,26.3,0.0102983674982783
"236",308,"2008CEDAR","CEDAR",2008,"no","Forest",2,"USF","SHF",96,10297,1926,18.7,18,606,31.4,5.9,0.0039433492089685
"237",309,"2008CLOVER","CLOVER",2008,"no","Forest",2,"USF","SQF",100,5992,3542,59.1,59,2923,82.5,48.8,0.00145635224041366
"238",310,"2008COLD","COLD",2008,"no","Forest",2,"USF","PNF",99,2299,1105,48.1,48,836,75.6,36.4,0.00173899065733644
"239",311,"2008CUB","CUB",2008,"no","Forest",2,"USF","LNF",99,6106,1159,19,18,336,29,5.5,0.00633580447375837
"240",312,"2008DOME_ROCK","DOME ROCK",2008,"no","Forest",1,"USF","STF",100,374,75,20.1,20,40,52.6,10.6,0.00750368167012826
"241",313,"2008EAGLE","EAGLE",2008,"no","Forest",2,"USF","SHF",88,12994,1403,10.8,10,215,15.4,1.7,0.00760653339668727
"242",452,"2008FALL","FALL",2008,"no","Forest",2,"USF","TNF",NA,982,100,10.2,10,94,94.2,9.6,0.00565462776559615
"243",453,"2008FRIENDDARNELL","FRIEND DARNELL",2008,"no","Forest",2,"USF","PNF",NA,1671,491,29.4,29,427,86.9,25.6,0.00260184937944505
"244",314,"2008GOVERNMENT","GOVERNMENT, WESTVILLE",2008,"no","Forest",2,"USF","TNF",92,8360,2052,24.5,24,1516,73.9,18.1,0.00200737994340369
"245",315,"2008GRANITE","GRANITE",2008,"no","Forest",1,"USF","SHF",100,275,33,12,11,33,98.6,11.8,0.00651790756016198
"246",454,"2008GROUSE","GROUSE",2008,"no","Forest",2,"USF","MNF",NA,2611,176,6.7,6,130,73.8,5,0.00566407092199717
"247",316,"2008GULCH","GULCH",2008,"no","Forest",2,"USF","SHF",97,1165,600,51.5,51,449,74.8,38.5,0.0030200268676885
"248",317,"2008HALF","HALF",2008,"no","Forest",2,"USF","SRF",93,6184,105,1.7,1,27,25.8,0.4,0.0172864421691755
"249",319,"2008HONEYBEE","HONEYBEE",2008,"yes","Forest",2,"USF","INF",100,563,185,32.8,32,77,42,13.8,0.00789500269112472
"250",320,"2008IRON","IRON,HARVEY,SLIDES,THOMES,VINEGAR",2008,"no","Forest",2,"USF","MNF",97,21310,1723,8.1,8,347,20.1,1.6,0.00530927257378243
"251",321,"2008IRONSIDE","IRONSIDE",2008,"no","Forest",2,"USF","SHF",100,5350,189,3.5,3,30,15.6,0.6,0.0109144763722808
"252",322,"2008JAKE","JAKE",2008,"no","Forest",2,"USF","KNF",100,15649,2518,16.1,16,409,16.3,2.6,0.00736670889750272
"253",323,"2008LIME","LIME",2008,"no","Forest",2,"USF","SHF",91,10898,621,5.7,5,63,10.1,0.6,0.0124528586108837
"254",456,"2008MILL_MNF","MILL",2008,"no","Forest",2,"USF","MNF",NA,1238,51,4.1,4,22,42.3,1.7,0.014406815359876
"255",324,"2008MINERS","MINERS",2008,"no","Forest",2,"USF","SHF",99,10346,962,9.3,9,107,11.1,1,0.00879813183342134
"256",457,"2008MONKEYROCK","MONKEY ROCK",2008,"no","Forest",2,"USF","MNF",NA,783,51,6.5,6,35,68,4.4,0.0110191981871268
"257",325,"2008NORTHMOUNTAIN","NORTH MOUNTAIN",2008,"no","Forest",2,"USF","STF",72,1207,163,13.5,13,62,37.8,5.1,0.00832178210747767
"258",326,"2008OLIVER","OLIVER",2008,"no","Forest",1,"USF","SNF",95,1138,112,9.8,9,47,41.9,4.1,0.0100233484089001
"259",458,"2008ONION2","ONION2",2008,"no","Forest",2,"USF","LNF",NA,2145,386,18,17,137,35.4,6.4,0.00663085845737247
"260",327,"2008PANTHER_MERRILL_HAYPRESS","PANTHER, MERRILL, HAYPRESS",2008,"no","Forest",2,"USF","KNF",100,28457,7333,25.8,25,2200,30,7.7,0.00271073809064688
"261",328,"2008PEAVINE","PEAVINE",2008,"no","Forest",2,"USF","TNF",70,259,3,1,1,2,83.3,0.9,0.0229837731922932
"262",329,"2008PIUTE","PIUTE",2008,"no","Forest",2,"USF","SQF",89,15041,7852,52.2,52,5373,68.4,35.7,0.00216819412643878
"263",330,"2008RICH","RICH",2008,"no","Forest",2,"USF","PNF",89,2594,773,29.8,29,658,85.1,25.4,0.00251595887327433
"264",331,"2008SCOTCH","SCOTCH, SOUTH FREY",2008,"no","Forest",2,"USF","PNF",92,10421,701,6.7,6,55,7.8,0.5,0.0113095053353118
"265",459,"2008SCOTCHMAN","SCOTCHMAN",2008,"no","Forest",2,"USF","TNF",NA,508,83,16.3,16,38,45.3,7.4,0.0116201563216759
"266",332,"2008SHERWIN","SHERWIN",2008,"no","Forest",1,"USF","INF",100,137,13,9.3,9,12,90.8,8.5,0.0133328075844975
"267",333,"2008SISKIYOUBLUE2COMPLEX","SISKIYOU BLUE2 COMPLEX",2008,"no","Forest",2,"USF","SRF",100,40593,6545,16.1,16,681,10.4,1.7,0.00469559326192004
"268",334,"2008SLIDE","SLIDE",2008,"no","Forest",2,"USF","SHF",93,478,13,2.7,2,2,18.3,0.5,0.0281512552511347
"269",335,"2008TEHIPITE","TEHIPITE",2008,"no","Forest",1,"USF","SNF",62,4881,326,6.7,6,30,9.2,0.6,0.0131681181358234
"270",336,"2008TELEPHONE","TELEPHONE",2008,"no","Forest",2,"USF","SHF",98,2983,424,14.2,14,70,16.5,2.3,0.00929155889677807
"271",337,"2008TROUGH","TROUGH",2008,"no","Forest",2,"USF","SHF",97,1515,525,34.7,34,186,35.4,12.3,0.00453039392756336
"272",461,"2008YELLOW","YELLOW,CAMP,JOHNSON",2008,"no","Forest",2,"USF","MNF",NA,13257,1848,13.9,13,809,43.8,6.1,0.00250626626704434
"273",338,"2008ZEIGLER","ZEIGLER",2008,"no","Forest",2,"USF","SHF",100,1006,20,1.9,1,9,47.5,0.9,0.0152327939426804
"274",339,"2009BACKBONE","LT-17(BACKBONE)",2009,"no","Forest",2,"USF","SRF",100,2102,530,25.2,25,343,64.7,16.3,0.00365669768980821
"275",341,"2009BLACKJACK","BLACKJACK",2009,"no","Forest",1,"USF","INF",100,113,11,9.5,9,9,82.4,7.8,0.0138987959999445
"276",342,"2009BROWN","BROWN",2009,"no","Forest",2,"USF","LNF",91,734,309,42,42,271,87.9,37,0.00277592539274706
"277",344,"2009ELEPHANT","ELEPHANT",2009,"no","Forest",1,"USF","PNF",78,174,5,3.2,3,2,32.8,1,0.029633900163537
"278",347,"2009GRANITE","GRANITE",2009,"no","Forest",2,"USF","SQF",100,577,12,2.1,2,5,38.3,0.8,0.0209966481558541
"279",350,"2009KNIGHT","KNIGHT",2009,"no","Forest",2,"USF","STF",84,2501,74,3,2,30,40.6,1.2,0.0127004239426184
"280",351,"2009MILFORD_GRADE","MILFORD_GRADE",2009,"no","Forest",1,"USF","PNF",100,132,1,1,1,1,60,0.6,0.037743525638701
"281",352,"2009REDROCK","REDROCK",2009,"no","Forest",2,"USF","KNF",100,555,58,10.4,10,15,26.1,2.7,0.0153910628026152
"282",353,"2009REDSPOT","REDSPOT",2009,"no","Forest",2,"USF","SHF",100,468,170,36.4,36,124,72.6,26.4,0.00465158739244015
"283",354,"2009SHOTGUN","SHOTGUN",2009,"yes","Forest",2,"USF","SQF",100,386,33,8.4,8,18,55.8,4.7,0.0178492488682083
"284",355,"2009SILVER","SILVER",2009,"no","Forest",1,"USF","PNF",100,127,52,40.8,40,52,99.1,40.5,0.00814675140226464
"285",356,"2009SUGARLOAF","SUGARLOAF",2009,"no","Forest",2,"USF","LNF",81,3807,1844,48.4,48,1478,80.2,38.8,0.00163417957219309
"286",357,"2009TENNANT","TENNANT",2009,"no","Forest",2,"USF","KNF",79,1288,848,65.8,65,531,62.7,41.2,0.00175294050772954
"287",359,"2010BAR","BAR",2010,"no","Forest",2,"USF","PNF",100,421,20,4.8,4,10,48.9,2.3,0.0206070412951675
"288",361,"2010PINECREST","PINECREST",2010,"no","Forest",1,"USF","STF",100,367,6,1.5,1,3,47.6,0.7,0.0215365047199642
"289",364,"2011COUGAR","COUGAR",2011,"no","Forest",1,"USF","MDF",100,729,491,67.4,67,485,98.7,66.5,0.00201384624890016
"290",365,"2011LION","LION",2011,"no","Forest",1,"USF","SQF",93,8472,1241,14.7,14,407,32.8,4.8,0.00441789993045375
"291",366,"2011MOTOR","MOTOR",2011,"no","Forest",1,"USF","SNF",96,2117,961,45.4,45,673,70,31.8,0.00261922735374593
"292",367,"2011ONION","ONION",2011,"no","Forest",1,"USF","KNF",100,231,34,14.7,14,34,100,14.7,0.0067878081643601
"293",368,"2011RUTH","RUTH",2011,"no","Forest",1,"USF","SRF",83,590,94,15.9,15,34,36.7,5.8,0.0105064750869774
"294",371,"2011WILLOWS","WILLOWS",2011,"no","Forest",1,"USF","SQF",100,137,27,20,19,17,63.2,12.6,0.0121103090435949
"295",372,"2012BAGLEY","BAGLEY",2012,"no","Forest",2,"USF","SHF",70,18616,3855,20.7,20,1425,37,7.7,0.00292630410712405
"296",373,"2012BEAR","BEAR",2012,"no","Forest",2,"USF","SNF",100,384,141,36.7,36,83,59.1,21.7,0.0037496230206095
"297",375,"2012CHIPS","CHIPS",2012,"no","Forest",2,"USF","PNF",88,30898,6531,21.1,21,996,15.2,3.2,0.00375960455624871
"298",377,"2012FLAT","FLAT",2012,"no","Forest",2,"USF","SHF",99,685,60,8.8,8,23,37.5,3.3,0.0118145705344231
"299",378,"2012GEORGE","GEORGE",2012,"no","Forest",2,"USF","SQF",100,694,99,14.3,14,62,62.4,8.9,0.00789194789166975
"300",379,"2012GOFF","GOFF",2012,"no","Forest",2,"USF","KNF",95,9504,2224,23.4,23,206,9.3,2.2,0.00712895619392187
"301",463,"2012MILL","MILL",2012,"no","Forest",2,"USF","MNF",NA,11957,4888,40.9,40,2350,48.1,19.7,0.00257063208368946
"302",465,"2012NORTH_PASS","NORTH PASS",2012,"no","Forest",2,"USF","MNF",NA,17008,4447,26.1,26,526,11.8,3.1,0.00449721888607577
"303",380,"2012PEAK","PEAK",2012,"no","Forest",1,"USF","PNF",95,320,79,24.7,24,30,37.6,9.3,0.0208280662415851
"304",381,"2012RAMSEY","RAMSEY",2012,"no","Forest",2,"USF","STF",95,482,78,16.2,16,34,43.8,7.1,0.0116410634427216
"305",383,"2012SALT_CREEK","SALT CREEK",2012,"no","Forest",2,"USF","SHF",82,422,253,60,60,227,89.5,53.7,0.00455401930569946
"306",384,"2012STAFFORD","STAFFORD",2012,"no","Forest",2,"USF","SHF",93,1790,754,42.1,42,255,33.8,14.3,0.00338811267072161
"307",386,"2013AMERICAN","AMERICAN",2013,"no","Forest",2,"USF","TNF",81,11114,3506,31.5,31,1095,31.2,9.9,0.00415381767265253
"308",387,"2013ASPEN","ASPEN",2013,"no","Forest",2,"USF","SNF",100,9337,1667,17.9,17,194,11.6,2.1,0.00629085012364125
"309",388,"2013BUTLER","BUTLER",2013,"no","Forest",1,"USF","SRF",99,9146,1836,20.1,20,244,13.3,2.7,0.00797921173750454
"310",389,"2013CORRAL_CMPLX","CORRAL COMPLEX",2013,"no","Forest",2,"USF","SRF",100,5401,1813,33.6,33,616,34,11.4,0.00395051787484813
"311",390,"2013FISH","FISH",2013,"no","Forest",2,"USF","SQF",100,852,227,26.6,26,123,54.2,14.4,0.00583579240427876
"312",466,"2013KYBURZ","KYBURZ",2013,"no","Forest",1,"USF","ENF",NA,232,14,6.1,6,8,59.9,3.7,0.0201604173611507
"313",391,"2013POWER","POWER",2013,"no","Forest",1,"USF","STF",100,435,100,22.9,22,90,90,20.6,0.00735284737369234
"314",392,"2013RIM","RIM",2013,"no","Forest",2,"USF","STF",60,104038,36774,35.3,35,16770,45.6,16.1,0.00113228827205363
"315",393,"2013SALMON_RIVER_CMPLX","SALMON RIVER CMPLX",2013,"no","Forest",1,"USF","KNF",100,5986,1411,23.6,23,324,23,5.4,0.005386257190918
"316",394,"2013SHIRLEY","SHIRLEY",2013,"no","Forest",1,"USF","SQF",100,157,54,34.6,34,50,91.7,31.7,0.00694991769338454
"317",396,"2014BALD","BALD",2014,"no","Forest",1,"USF","LNF",79,16128,8371,51.9,51,2425,29,15,0.00148206999954562
"318",467,"2014BEAVER","BEAVER",2014,"no","Forest",1,"USF","KNF",NA,13274,4534,34.2,34,1052,23.2,7.9,0.00255393548295864
"319",468,"2014EILER","EILER",2014,"no","Forest",1,"USF","LNF",NA,13453,8015,59.6,59,4447,55.5,33.1,0.000974720090071405
"320",399,"2014FRENCH","FRENCH",2014,"no","Forest",1,"USF","SNF",100,5621,1625,28.9,28,472,29,8.4,0.00522088272581253
"321",400,"2014HAPPY_CAMP_CMPLX","HAPPY CAMP CMPLX",2014,"no","Forest",1,"USF","KNF",98,53948,9698,18,17,785,8.1,1.5,0.00266244318659135
"322",401,"2014KING","KING",2014,"no","Forest",1,"CDF","AEU",65,39265,18478,47.1,47,11296,61.1,28.8,0.00348767642737284
"323",402,"2014LITTLE_DEER","LITTLE DEER",2014,"no","Forest",1,"USF","KNF",75,2226,1017,45.7,45,442,43.5,19.9,0.000863871311132811
"324",403,"2014NICOLLS","NICOLLS",2014,"no","Forest",1,"USF","SQF",100,721,488,67.8,67,475,97.3,66,0.00327954532964948
"325",404,"2014WHITES","WHITES",2014,"no","Forest",1,"USF","KNF",97,13766,2963,21.5,21,593,20,4.3,0.00175858484487267
"326",2,"1984YNP_023"," ",1984,"yes","Forest",1,"NPS","YNP",0,299,10,3.2,3,4,43.4,1.4,0.0271335450078186
"327",3,"1985BARTLETT","BARTLETT",1985,"yes","Forest",1,"NPS","YNP",0,427,88,20.7,20,70,79,16.4,0.0111586734621403
"328",4,"1985BUCK","BUCK",1985,"yes","Forest",1,"NPS","YNP",0,141,24,17.2,17,11,43.7,7.5,0.01977462759454
"329",8,"1985DOUGHERTY","DOUGHERTY",1985,"yes","Forest",1,"NPS","KNP",0,1072,79,7.4,7,26,32.9,2.4,0.0145927477731078
"330",9,"1985KENDRICK","KENDRICK",1985,"yes","Forest",1,"NPS","YNP",0,507,30,5.9,5,6,21.5,1.3,0.0224554749184038
"331",12,"1985PATE_VALLEY","PATE VALLEY",1985,"no","Forest",1,"NPS","YNP",0,713,138,19.3,19,77,56,10.8,0.00783881469040722
"332",17,"1986CASCADE_CREEK","CASCADE CREEK",1986,"yes","Forest",1,"NPS","YNP",0,837,16,1.9,1,7,47.2,0.9,0.0235462322079303
"333",19,"1986GLACIER_POINT","GLACIER POINT",1986,"no","Forest",1,"NPS","YNP",0,278,122,43.8,43,98,80.7,35.4,0.00534442251634017
"334",407,"1987ASSIST_PNF","ASSIST P.N.F.",1987,"no","Forest",1,"CDF","LMU",NA,499,244,49,49,201,82.2,40.3,0.00322922930476037
"335",22,"1987BETTY_BLAKE","BETTY BLAKE",1987,"yes","Forest",1,"NPS","YNP",0,159,16,9.8,9,13,86.1,8.4,0.0146488291332706
"336",29,"1987CLARK","PLUMAS NF #531 (CLARK)",1987,"no","Forest",1,"CDF","BTU",73,15861,5351,33.7,33,781,14.6,4.9,0.00370828677907718
"337",33,"1987DOG_CREEK","DOG CREEK",1987,"yes","Forest",1,"NPS","KNP",0,170,11,6.3,6,4,41.2,2.6,0.0226298369442311
"338",41,"1987FROG","FROG",1987,"yes","Forest",1,"NPS","YNP",0,1554,66,4.2,4,10,15.7,0.7,0.0199798209941104
"339",43,"1987GLEN_AULIN","GLEN AULIN",1987,"yes","Forest",1,"NPS","YNP",0,106,23,21.5,21,10,45.5,9.8,0.0164805908421668
"340",410,"1987LIGHTNING120","LIGHTNING #120 (CRANK)",1987,"no","Forest",1,"CDF","LMU",NA,1725,853,49.5,49,661,77.5,38.3,0.00210651191497664
"341",59,"1987LOST_BEAR","LOST BEAR",1987,"yes","Forest",1,"NPS","YNP",0,809,33,4.1,4,5,14.6,0.6,0.0229766905876468
"342",411,"1987MENDENHALL","MENDENHALL",1987,"no","Forest",1,"CDF","MEU",NA,21919,8586,39.2,39,4875,56.8,22.2,0.00114660561368948
"343",64,"1987PIERCE","PIERCE",1987,"no","Forest",1,"CDF","TUU",75,290,37,12.7,12,13,34.2,4.3,0.0125372390104163
"344",70,"1987SNAG_CMPLX","SNAG COMPLEX",1987,"no","Forest",1,"NPS","LNP",0,325,29,8.9,8,11,37.5,3.3,0.0182257245437484
"345",79,"1988ALASKA","ALASKA",1988,"yes","Forest",1,"NPS","YNP",0,770,8,1.1,1,4,47.8,0.5,0.0215802430451433
"346",80,"1988BUCKEYE","BUCKEYE",1988,"yes","Forest",1,"NPS","KNP",0,1290,302,23.4,23,255,84.2,19.7,0.00431746946267346
"347",83,"1988EAST_LECONTE","EAST LECONTE",1988,"yes","Forest",1,"NPS","YNP",0,1519,20,1.3,1,11,53.6,0.7,0.017400028263472
"348",84,"1988ECHO","ECHO",1988,"yes","Forest",1,"NPS","YNP",0,577,35,6,6,7,20.5,1.2,0.0251103616436347
"349",85,"1988ELBOW","ELBOW",1988,"yes","Forest",1,"NPS","YNP",0,184,3,1.7,1,3,100,1.7,0.0188436260845806
"350",414,"1988LIGHTNING97","LIGHTNING #97 (BISON)",1988,"no","Forest",1,"CDF","LMU",NA,1386,769,55.5,55,689,89.6,49.7,0.00201191421605343
"351",89,"1988QUARTZITE","QUARTZITE",1988,"yes","Forest",1,"NPS","YNP",0,248,42,17.1,17,11,25.5,4.4,0.019011299493962
"352",90,"1988SIMPSON","SIMPSON",1988,"yes","Forest",1,"NPS","KNP",0,492,10,2,1,7,72.9,1.4,0.020083557210901
"353",94,"1988USFS_ASSIST3","USFS ASSIST 3",1988,"no","Forest",1,"CDF","NEU",88,244,7,3.1,3,5,71.1,2.2,0.02326781422218
"354",95,"1988VERN","VERN",1988,"yes","Forest",1,"NPS","YNP",0,289,4,1.3,1,3,72.1,1,0.0213010531832737
"355",96,"1988WALKER","WALKER",1988,"no","Forest",1,"NPS","YNP",0,1247,283,22.7,22,176,62.1,14.1,0.00487047219649457
"356",100,"1990A_ROCK","A-ROCK",1990,"no","Forest",1,"NPS","YNP",59,7281,2682,36.8,36,1513,56.4,20.8,0.00216668440027353
"357",101,"1990AVALANCHE","AVALANCHE",1990,"yes","Forest",1,"NPS","KNP",0,1157,161,13.9,13,38,23.7,3.3,0.0113447592772815
"358",104,"1990COTTONWOOD","COTTONWOOD",1990,"no","Forest",1,"CDF","TCU",86,991,326,32.9,32,205,63.1,20.7,0.00404593400078806
"359",108,"1990LAUREL_LAKE2","LAUREL LAKE 2",1990,"no","Forest",1,"NPS","YNP",0,336,5,1.4,1,1,27.5,0.4,0.0392852594833056
"360",109,"1990LONG_VALLEY","LONG VALLEY",1990,"no","Forest",1,"CDF","SHU",81,290,73,25.3,25,70,95.6,24.2,0.00514417429886872
"361",110,"1990PIUTE","PIUTE",1990,"no","Forest",1,"NPS","YNP",0,224,14,6.1,6,3,19.7,1.2,0.0276579644973995
"362",112,"1990STEAMBOAT","STEAMBOAT",1990,"no","Forest",1,"NPS","YNP",0,2470,338,13.7,13,132,39,5.3,0.00600249713798137
"363",114,"1990T_GROVE4","T-GROVE 4",1990,"no","Forest",1,"NPS","YNP",0,301,4,1.3,1,3,66.7,0.9,0.020330105449764
"364",116,"1991FROG","FROG",1991,"yes","Forest",1,"NPS","YNP",0,1232,32,2.6,2,4,12.7,0.3,0.0266643134347765
"365",117,"1991ILL","ILL",1991,"no","Forest",1,"NPS","YNP",0,1430,250,17.5,17,91,36.4,6.4,0.00988491377085986
"366",121,"1992CHAGOOPA","CHAGOOPA",1992,"yes","Forest",1,"NPS","KNP",0,255,17,6.7,6,5,29.1,1.9,0.0180206414000344
"367",122,"1992DOME","DOME",1992,"no","Forest",1,"NPS","YNP",0,100,15,14.9,14,7,45.2,6.7,0.0183428790157766
"368",419,"1992MUD","MUD FIRE",1992,"no","Forest",1,"CDF","LMU",NA,311,205,66,66,205,100,66,0.00273770664997944
"369",124,"1992OSTRANDER","OSTRANDER",1992,"yes","Forest",1,"NPS","YNP",0,165,6,3.8,3,6,88.6,3.4,0.0162600726556691
"370",126,"1992RATTLESNAKE","RATTLESNAKE",1992,"yes","Forest",1,"NPS","KNP",0,138,13,9.3,9,10,80.4,7.5,0.0155251798105054
"371",128,"1993BUCK_PEAK","BUCK PEAK",1993,"yes","Forest",1,"NPS","KNP",0,836,50,6,6,17,34.4,2.1,0.0179201414500926
"372",130,"1994BARKLEY","BARKLEY",1994,"no","Forest",1,"CDF","TGU",71,18124,544,3,3,332,61,1.8,0.00435821917013021
"373",134,"1994CREEK","CREEK",1994,"no","Forest",1,"CDF","TCU",85,591,103,17.4,17,77,75.2,13.1,0.00764869488407149
"374",135,"1994FOUR_LANE","FOUR LANE",1994,"no","Forest",1,"CDF","FKU",93,90,23,25.8,25,23,99.6,25.7,0.0135381682829553
"375",137,"1994HORIZON","HORIZON",1994,"yes","Forest",1,"NPS","YNP",0,1337,66,4.9,4,21,31.4,1.5,0.0139330970003199
"376",142,"1995CASTLE","CASTLE WF",1995,"no","Forest",1,"NPS","KNP",0,736,17,2.3,2,3,15.3,0.4,0.0342432492431476
"377",146,"1996ACKERSON","ACKERSON",1996,"no","Forest",1,"NPS","YNP",19,24123,4078,16.9,16,319,7.8,1.3,0.00531742012768292
"378",147,"1996BIG_ARROYO","BIG ARROYO",1996,"yes","Forest",1,"NPS","KNP",0,1410,48,3.4,3,7,14.9,0.5,0.0240609777611934
"379",149,"1996CASTLE_COMPLEX","CASTLE COMPLEX",1996,"no","Forest",1,"NPS","KNP",0,1148,48,4.2,4,11,22.3,0.9,0.0173672673458318
"380",421,"1996DIXIE","DIXIE FIRE",1996,"no","Forest",1,"CDF","LMU",NA,576,289,50.2,50,285,98.6,49.4,0.0025571952564027
"381",151,"1996HOSPITAL","HOSPITAL",1996,"no","Forest",1,"NPS","KNP",0,119,28,23.3,23,15,54.7,12.7,0.00941436726486221
"382",152,"1996ILL","ILL",1996,"yes","Forest",1,"NPS","YNP",0,233,3,1.3,1,1,35.3,0.5,0.0340536829369612
"383",153,"1996KAWEAH","KAWEAH",1996,"no","Forest",1,"NPS","KNP",0,1824,426,23.4,23,190,44.6,10.4,0.00610500301347531
"384",154,"1996KENDRICK","KENDRICK",1996,"yes","Forest",1,"NPS","YNP",0,344,7,2.1,2,6,88.6,1.8,0.0180940863100098
"385",155,"1996KIBBIE","KIBBIE",1996,"no","Forest",1,"NPS","YNP",56,118,9,7.8,7,9,93.1,7.2,0.0148350243989773
"386",159,"1997AMPHITHEATER","AMPHITHEATER",1997,"no","Forest",1,"NPS","KNP",0,101,2,1.8,1,1,50,0.9,0.0377177801738281
"387",162,"1997HUFFER","HUFFER",1997,"no","Forest",1,"NPS","LNP",0,927,192,20.7,20,130,67.8,14,0.00439640811900859
"388",164,"1997SUGARLOAF","SUGARLOAF",1997,"yes","Forest",1,"NPS","KNP",0,135,7,5.1,5,5,78.9,4,0.013585621350965
"389",428,"1999GUN2","GUN II",1999,"no","Forest",1,"CDF","TGU",NA,24609,1032,4.2,4,348,33.8,1.4,0.00465672110579045
"390",176,"1999LECONTE","LECONTE",1999,"yes","Forest",1,"NPS","YNP",0,3584,325,9.1,9,104,32,2.9,0.00412703597460515
"391",178,"1999LOST_BEAR","LOST BEAR",1999,"yes","Forest",1,"NPS","YNP",0,868,9,1,1,3,36.1,0.4,0.0288362625718191
"392",179,"1999LOST_VALLEY","LOST VALLEY",1999,"no","Forest",1,"NPS","YNP",0,363,33,9,9,6,18.6,1.7,0.0230227564718316
"393",192,"2000HIGHWAY","HIGHWAY",2000,"no","Forest",1,"CDF","FKU",80,273,29,10.7,10,15,50,5.3,0.0129575947513606
"394",200,"2001BURNT","BURNT",2001,"yes","Forest",1,"NPS","KNP",0,948,84,8.9,8,22,26,2.3,0.0148338347443714
"395",201,"2001DARBY","DARBY",2001,"no","Forest",1,"CDF","TCU",75,5830,1273,21.8,21,253,19.9,4.3,0.00616720207080271
"396",203,"2001HOOVER","HOOVER",2001,"yes","Forest",1,"NPS","YNP",0,3054,317,10.4,10,80,25.3,2.6,0.00961143887672041
"397",207,"2001MOORE","MOORE",2001,"no","Forest",1,"CDF","TCU",100,238,10,4.2,4,6,60,2.5,0.0196413612973218
"398",223,"2002PALISADE","PALISADE",2002,"yes","Forest",1,"NPS","KNP",0,612,111,18.2,18,34,30.4,5.5,0.0133282411767226
"399",233,"2003KIBBIE","KIBBIE CMPLX",2003,"yes","Forest",1,"NPS","YNP",53,2788,497,17.8,17,73,14.7,2.6,0.0119075207699017
"400",239,"2003TUOLUMNE","TUOLUMNE",2003,"no","Forest",1,"NPS","YNP",0,1456,174,11.9,11,49,28.3,3.4,0.0110102781785849
"401",240,"2003WEST_KERN","WEST KERN",2003,"yes","Forest",1,"NPS","KNP",56,3233,76,2.3,2,19,25,0.6,0.0155625244088732
"402",241,"2003WHISKEY","WHISKEY",2003,"yes","Forest",1,"NPS","YNP",0,455,61,13.4,13,14,23.7,3.2,0.0126405135474068
"403",243,"2003WILLIAMS","WILLIAMS",2003,"yes","Forest",1,"NPS","KNP",0,1478,48,3.2,3,18,38,1.2,0.014612912232362
"404",442,"2004BEAR","BEAR",2004,"no","Forest",1,"CDF","SHU",NA,4226,679,16.1,16,372,54.9,8.8,0.00305114354199419
"405",244,"2004BLUFF","BLUFF",2004,"yes","Forest",1,"NPS","LNP",0,1379,81,5.9,5,12,14.9,0.9,0.0188255651813545
"406",250,"2004HETCHY","HETCHY",2004,"no","Forest",1,"NPS","YNP",0,784,148,18.9,18,54,36.6,6.9,0.0138599826438752
"407",251,"2004HOT_SPRINGS","HOTSPRINGS",2004,"yes","Forest",1,"NPS","KNP",0,135,49,36.5,36,41,84.1,30.7,0.00722006013874298
"408",252,"2004MEADOW","MEADOW WFU",2004,"yes","Forest",1,"NPS","YNP",0,2036,292,14.3,14,38,13.1,1.9,0.0119401419239851
"409",257,"2004STRAYLOR","STRAYLOR",2004,"no","Forest",2,"CDF","LMU",96,1341,526,39.2,39,239,45.5,17.8,0.00451060688757489
"410",259,"2005COMB","COMB",2005,"yes","Forest",1,"NPS","KNP",11,4143,398,9.6,9,73,18.4,1.8,0.0118392573444585
"411",262,"2005LAUREL","LAUREL",2005,"yes","Forest",1,"NPS","YNP",0,195,7,3.5,3,6,82.7,2.9,0.0192293240315103
"412",263,"2005WAPAMA","WAPAMA",2005,"yes","Forest",1,"NPS","YNP",0,428,8,1.9,1,4,52.3,1,0.0256309390485853
"413",268,"2006BOUNDARY","BOUNDARY",2006,"no","Forest",1,"NPS","YNP",0,192,10,5.2,5,9,89.1,4.6,0.0146304440126043
"414",270,"2006FROG","FROG",2006,"yes","Forest",1,"NPS","YNP",0,2502,57,2.3,2,16,27.7,0.6,0.021041985911689
"415",276,"2006MIDDLET","MIDDLET",2006,"no","Forest",1,"NPS","YNP",0,192,12,6.1,6,10,82.3,5,0.0137654267380358
"416",288,"2007BABCOCK","BABCOCK",2007,"yes","Forest",1,"NPS","YNP",0,107,5,5,4,2,33.9,1.7,0.0360931752585646
"417",289,"2007BALD","BALD WFU",2007,"yes","Forest",1,"NPS","YNP",0,169,26,15.5,15,12,43.8,6.8,0.0148236548451368
"418",451,"2008CORRAL","CORRAL",2008,"no","Forest",2,"CDF","LMU",NA,4879,1659,34,33,701,42.3,14.4,0.00400749772608203
"419",318,"2008HIDDEN","HIDDEN",2008,"no","Forest",1,"NPS","KNP",0,1492,68,4.6,4,14,21,1,0.0195241758402456
"420",455,"2008MILL","MILL",2008,"no","Forest",1,"CDF","TGU",NA,5612,757,13.5,13,44,5.9,0.8,0.0179608953230839
"421",340,"2009BIG_MEADOW","BIG MEADOW",2009,"no","Forest",1,"NPS","YNP",3,3091,485,15.7,15,159,32.9,5.2,0.0062376826990395
"422",343,"2009CHALK","CHALK",2009,"no","Forest",1,"CDF","SHU",97,2786,483,17.4,17,257,53.1,9.2,0.00634972123010936
"423",345,"2009FAIRFIELD","FAIRFIELD",2009,"yes","Forest",1,"NPS","LNP",0,673,33,4.9,4,12,37.5,1.8,0.0166129389894285
"424",462,"2009GOOSE","GOOSE",2009,"no","Forest",1,"CDF","SHU",NA,1684,383,22.7,22,224,58.5,13.3,0.00359574653971483
"425",348,"2009GROUSE","GROUSE",2009,"yes","Forest",1,"NPS","YNP",0,1253,45,3.6,3,12,25.6,0.9,0.010583241467979
"426",349,"2009HARDEN","HARDEN",2009,"yes","Forest",1,"NPS","YNP",0,681,180,26.5,26,144,80.1,21.2,0.00769575289625377
"427",358,"2009WILDCAT","WILDCAT",2009,"yes","Forest",1,"NPS","YNP",0,546,161,29.5,29,65,40.6,12,0.00861864570329533
"428",362,"2010SHEEP","SHEEP",2010,"yes","Forest",2,"NPS","KNP",65,3663,163,4.5,4,47,28.8,1.3,0.0129862260397032
"429",363,"2011BALD","BALD",2011,"no","Forest",1,"NPS","YNP",0,84,10,12.5,12,10,91.4,11.4,0.0161060479571334
"430",370,"2011TAMARACK","TAMARACK",2011,"no","Forest",1,"NPS","YNP",0,414,151,36.4,36,130,86.5,31.5,0.00515746125102249
"431",374,"2012CASCADE","CASCADE",2012,"yes","Forest",1,"NPS","YNP",0,692,14,2,1,4,30.5,0.6,0.0264344413901302
"432",376,"2012CLEAR","CLEAR",2012,"no","Forest",1,"CCO","KRN",91,590,220,37.3,37,207,94.1,35.1,0.00227496908755195
"433",464,"2012MILL_CDF","MILL",2012,"no","Forest",1,"CDF","BTU",NA,670,84,12.5,12,51,61.1,7.6,0.00950913617112664
"434",382,"2012READING","READING",2012,"no","Forest",2,"NPS","LNP",39,11361,3744,33,32,771,20.6,6.8,0.00376035887989273
"435",385,"2012WOODS_CREEK","WOODS CREEK",2012,"no","Forest",1,"NPS","KNP",0,152,9,5.8,5,2,25.5,1.5,0.03039172018107
"436",395,"2013WINDY_PEAK","WINDY PEAK",2013,"no","Forest",2,"NPS","KNP",0,291,79,27,26,22,28.5,7.7,0.0123567872062855
